order_id,order_date,amount,product id,product_name
100257,01-01-2024,58579.91,PROD574,Laptop
100440,01-01-2024,1245.02,PROD555,Dry Fruits
100314,01-01-2024,851.27,PROD141,Mouse
100626,04-01-2024,1528.94,PROD192,Keyboard
100787,04-01-2024,2126.32,PROD729,T-Shirt
100644,05-01-2024,240.72,PROD477,Pen Set
100399,05-01-2024,46049.18,PROD100,Leptop
100200,06-01-2024,544.81,PROD449,Printer Paper
100441,07-01-2024,7809.05,PROD750,Speaker
100973,13-01-2024,1537.51,PROD878,Headphones
100088,15-01-2024,3663.64,PROD528,Headphones
100169,16-01-2024,775.71,PROD265,Mouse
100136,17-01-2024,1182.43,PROD431,Speaker
100710,18-01-2024,385.75,PROD477,Pen Set
100259,18-01-2024,7264.62,PROD777,Air Purifier
100221,20-01-2024,5708.54,PROD252,SSD
100327,20-01-2024,58153.71,PROD148,Leptop
100467,20-01-2024,5614.79,PROD231,Shoes
100408,20-01-2024,1036.9,PROD451,Puzzle Set
100634,20-01-2024,323.62,PROD242,Pen Set
100557,23-01-2024,40222.08,PROD694,Leptop
100261,24-01-2024,865.43,PROD493,Keyboard
100949,24-01-2024,10645.41,PROD616,Cricket Bat
100497,24-01-2024,45099.64,PROD512,Leptop
100864,26-01-2024,49947.68,PROD115,Laptop
100320,26-01-2024,6682.92,PROD381,Headphones
100762,27-01-2024,190.27,PROD122,Pen Set
100628,29-01-2024,150.89,PROD197,Pen Set
100201,29-01-2024,44983.22,PROD532,Smart Phones
100879,30-01-2024,8478.67,PROD208,SSD
100770,30-01-2024,8581.34,PROD993,SSD
100036,30-01-2024,878.94,PROD492,T-Shirt
100726,30-01-2024,602.7,PROD862,Keyboard
100337,01-02-2024,14279.31,PROD829,Smart Phones
100778,02-02-2024,404.61,PROD608,Printer Paper
100369,02-02-2024,3468.74,PROD602,Shoes
100520,02-02-2024,770.38,PROD497,Face Wash
100882,05-02-2024,332.75,PROD265,Notebook
100410,06-02-2024,11991.94,PROD115,SSD
100970,07-02-2024,37270.1,PROD511,Leptop
100276,07-02-2024,623.95,PROD994,Printer Paper
100503,07-02-2024,11147.42,PROD434,Cricket Bat
100616,08-02-2024,540.25,PROD876,Pen Set
100312,08-02-2024,350.13,PROD109,Pen Set
100486,10-02-2024,463.8,PROD679,Face Wash
100655,12-02-2024,1323.34,PROD951,Analytics Book
100458,13-02-2024,375.14,PROD299,Pen Set
100786,13-02-2024,316.92,PROD516,Pen Set
100371,14-02-2024,1215.04,PROD501,Analytics Book
100980,14-02-2024,36553.36,PROD391,Leptop
100523,15-02-2024,4382.52,PROD245,SSD
100886,16-02-2024,43202.21,PROD668,Leptop
100802,16-02-2024,1292.88,PROD463,Keyboard
100127,16-02-2024,14586.81,PROD633,Monitor
100329,17-02-2024,2082.29,PROD555,Keyboard
100438,18-02-2024,1056.8,PROD595,Dry Fruits
100962,18-02-2024,45209.71,PROD856,Leptop
100709,18-02-2024,17082.88,PROD775,Monitor
100310,19-02-2024,34891.89,PROD733,Leptop
100703,20-02-2024,35440.45,PROD770,Leptop
100230,20-02-2024,14765.38,PROD751,Smart Phones
100793,20-02-2024,290.58,PROD691,Pen Set
100589,21-02-2024,2502.9,PROD117,Shoes
100023,23-02-2024,8765.58,PROD987,Speaker
100854,26-02-2024,1395.1,PROD723,Analytics Book
100667,26-02-2024,1268.92,PROD131,Analytics Book
100477,26-02-2024,44976.61,PROD198,Leptop
100750,29-02-2024,26347.69,PROD786,Monitor
100633,01-03-2024,355.46,PROD167,Dry Fruits
100364,03-03-2024,333.32,PROD754,Printer Paper
100527,04-03-2024,1158.43,PROD278,Puzzle Set
100863,04-03-2024,10046.64,PROD304,SSD
100315,04-03-2024,3071.63,PROD141,Headphones
100852,06-03-2024,11589.47,PROD572,Monitor
100031,07-03-2024,944.76,PROD288,Puzzle Set
100910,07-03-2024,3358.19,PROD634,Speaker
100338,08-03-2024,384.8,PROD461,Notebook
100080,08-03-2024,1240.68,PROD400,Analytics Book
100814,09-03-2024,5175.54,PROD213,Shoes
100264,10-03-2024,257.9,PROD888,Face Wash
100592,10-03-2024,1620.52,PROD960,Keyboard
100451,10-03-2024,7974.06,PROD324,Monitor
100304,11-03-2024,408.53,PROD602,Pen Set
100740,11-03-2024,44581.34,PROD304,Leptop
100470,13-03-2024,47792.35,PROD492,Laptop
100319,13-03-2024,204.69,PROD531,Notebook
100955,13-03-2024,1710.03,PROD439,Mouse
100500,13-03-2024,7614.65,PROD215,SSD
100680,14-03-2024,4874.96,PROD461,Mixer
100621,16-03-2024,1232.81,PROD787,Analytics Book
100554,16-03-2024,8256.83,PROD709,Speaker
100513,16-03-2024,1800.13,PROD404,Cricket Bat
100421,16-03-2024,1284.4,PROD598,Dry Fruits
100175,17-03-2024,149.14,PROD554,Notebook
100473,17-03-2024,3274.91,PROD232,Mixer
100613,17-03-2024,8758.52,PROD208,Speaker
100263,18-03-2024,23965.06,PROD743,Smart Phones
100502,19-03-2024,1086.4,PROD273,Puzzle Set
100944,19-03-2024,348.14,PROD271,Pen Set
100242,22-03-2024,578.09,PROD206,Pen Set
100909,23-03-2024,38835.27,PROD378,Laptop
100851,24-03-2024,4605.98,PROD622,SSD
100721,24-03-2024,1069.1,PROD156,Dry Fruits
100504,25-03-2024,728.45,PROD787,Printer Paper
100212,25-03-2024,7476.06,PROD122,Cricket Bat
100213,25-03-2024,36992.15,PROD959,Leptop
100784,26-03-2024,462.05,PROD811,Pen Set
100679,26-03-2024,501.55,PROD673,Mouse
100698,27-03-2024,4462.62,PROD920,Headphones
100267,27-03-2024,39965.2,PROD653,Leptop
100362,27-03-2024,319.73,PROD212,Puzzle Set
100508,30-03-2024,7699.06,PROD246,Speaker
100921,31-03-2024,120.73,PROD373,Notebook
100078,01-04-2024,358,PROD533,Notebook
100828,02-04-2024,1078.2,PROD763,Keyboard
100821,02-04-2024,250.52,PROD109,Puzzle Set
100695,03-04-2024,11181.58,PROD220,SSD
100907,03-04-2024,47342.73,PROD222,Leptop
100548,03-04-2024,32801.72,PROD713,Leptop
100817,03-04-2024,8222.47,PROD616,Mixer
100004,04-04-2024,8731.57,PROD502,Cricket Bat
100102,04-04-2024,54489.75,PROD825,Leptop
100697,04-04-2024,1190.78,PROD986,Analytics Book
100083,05-04-2024,58490.71,PROD969,Laptop
100429,06-04-2024,643.08,PROD263,Keyboard
100759,07-04-2024,6922.82,PROD788,Air Purifier
100478,08-04-2024,608.24,PROD735,Face Wash
100205,08-04-2024,263.24,PROD164,Printer Paper
100725,09-04-2024,1438.62,PROD965,Headphones
100232,10-04-2024,44669,PROD403,Leptop
100376,10-04-2024,521.68,PROD571,Mouse
100208,11-04-2024,658.24,PROD583,Face Wash
100106,11-04-2024,5244.72,PROD103,Headphones
100734,12-04-2024,43457.65,PROD836,Leptop
100517,14-04-2024,5825.04,PROD849,SSD
100300,15-04-2024,52486.91,PROD777,Leptop
100328,17-04-2024,1831.81,PROD816,Keyboard
100887,18-04-2024,16064.46,PROD363,Monitor
100889,18-04-2024,2959.01,PROD290,Cricket Bat
100061,19-04-2024,1302.6,PROD329,Mouse
100661,19-04-2024,4286.36,PROD222,Mixer
100637,20-04-2024,891.54,PROD719,Printer Paper
100006,21-04-2024,881.72,PROD779,Face Wash
100011,21-04-2024,602.26,PROD817,Printer Paper
100220,22-04-2024,597.58,PROD349,Puzzle Set
100884,22-04-2024,17755.73,PROD638,Monitor
100306,22-04-2024,497.1,PROD974,Face Wash
100790,23-04-2024,1020.88,PROD100,Analytics Book
100247,23-04-2024,333.31,PROD525,Notebook
100425,25-04-2024,5320.29,PROD358,Shoes
100866,25-04-2024,2307.95,PROD573,T-Shirt
100658,27-04-2024,1247.36,PROD605,Keyboard
100931,28-04-2024,655.24,PROD436,Analytics Book
100431,28-04-2024,11220.19,PROD808,Cricket Bat
100093,28-04-2024,367.69,PROD967,Pen Set
100367,28-04-2024,9562.67,PROD523,Cricket Bat
100718,29-04-2024,14585.24,PROD815,Smart Phones
100594,01-05-2024,50946.7,PROD844,Leptop
100295,02-05-2024,6936.31,PROD503,Shoes
100326,02-05-2024,52840.56,PROD163,Laptop
100198,02-05-2024,10871.06,PROD916,SSD
100938,03-05-2024,34222.94,PROD811,Leptop
100532,04-05-2024,23224.35,PROD603,Monitor
100101,05-05-2024,8268.65,PROD972,Speaker
100448,05-05-2024,608.66,PROD487,Face Wash
100049,05-05-2024,53887.34,PROD818,Leptop
100803,05-05-2024,7252.13,PROD462,Shoes
100929,07-05-2024,17100.33,PROD735,Air Purifier
100366,08-05-2024,647.68,PROD226,Printer Paper
100368,08-05-2024,1105.48,PROD770,Analytics Book
100246,08-05-2024,7941.91,PROD881,Speaker
100476,08-05-2024,757.06,PROD420,Mouse
100145,08-05-2024,505.12,PROD374,Face Wash
100273,09-05-2024,31868.37,PROD719,Leptop
100030,09-05-2024,662.29,PROD222,Face Wash
100379,11-05-2024,4066.56,PROD299,Speaker
100481,11-05-2024,638.34,PROD509,Printer Paper
100611,12-05-2024,7173.52,PROD931,Cricket Bat
100924,13-05-2024,7881.28,PROD444,SSD
100383,14-05-2024,1236.36,PROD782,Analytics Book
100927,15-05-2024,147.33,PROD852,Notebook
100739,15-05-2024,43794.4,PROD644,Laptop
100672,17-05-2024,7408.62,PROD829,Cricket Bat
100736,17-05-2024,54436.64,PROD127,Leptop
100942,17-05-2024,10341.97,PROD914,Cricket Bat
100069,18-05-2024,279.28,PROD489,Printer Paper
100808,18-05-2024,845.89,PROD664,T-Shirt
100218,20-05-2024,323.75,PROD222,Puzzle Set
100390,20-05-2024,610.32,PROD472,Pen Set
100552,21-05-2024,480.81,PROD546,Analytics Book
100859,21-05-2024,43266.84,PROD194,Leptop
100991,21-05-2024,51794.81,PROD521,Leptop
100849,22-05-2024,2813.24,PROD566,Cricket Bat
100464,22-05-2024,1102.69,PROD184,T-Shirt
100888,22-05-2024,496.66,PROD347,Mouse
100811,24-05-2024,508.02,PROD678,T-Shirt
100092,24-05-2024,54371.21,PROD934,Laptop
100743,25-05-2024,26843.58,PROD238,Monitor
100509,25-05-2024,892.97,PROD224,Analytics Book
100813,26-05-2024,64757.96,PROD123,Leptop
100898,27-05-2024,542.51,PROD259,Analytics Book
100347,27-05-2024,1719.04,PROD773,Mouse
100114,28-05-2024,4391.16,PROD958,Headphones
100641,28-05-2024,543.66,PROD301,Pen Set
100771,28-05-2024,20873.75,PROD466,Smart Phones
100763,29-05-2024,618.44,PROD119,Keyboard
100868,30-05-2024,5748.2,PROD201,Headphones
100494,30-05-2024,516.21,PROD310,Puzzle Set
100472,31-05-2024,6321.02,PROD156,Cricket Bat
100358,01-06-2024,2498.11,PROD687,Keyboard
100521,02-06-2024,59979.18,PROD351,Leptop
100275,02-06-2024,1116.86,PROD353,Analytics Book
100442,04-06-2024,2876.3,PROD955,Cricket Bat
100600,05-06-2024,2050.89,PROD733,Keyboard
100468,05-06-2024,1140.59,PROD149,Puzzle Set
100732,05-06-2024,8172.09,PROD606,Monitor
100837,06-06-2024,56544.78,PROD887,Laptop
100460,06-06-2024,836.41,PROD650,Puzzle Set
100663,06-06-2024,3719.36,PROD569,Mixer
100551,07-06-2024,6268.73,PROD936,Cricket Bat
100192,08-06-2024,981.94,PROD878,T-Shirt
100872,08-06-2024,113.88,PROD216,Pen Set
100356,09-06-2024,33518.43,PROD928,Smart Phones
100701,10-06-2024,38448.02,PROD734,Laptop
100392,10-06-2024,2029.07,PROD914,Shoes
100297,11-06-2024,54080.68,PROD473,Smart Phones
100239,12-06-2024,110.7,PROD388,Pen Set
100745,13-06-2024,7573.51,PROD336,SSD
100313,14-06-2024,20465.65,PROD290,Smart Phones
100912,14-06-2024,49451.99,PROD841,Smart Phones
100966,15-06-2024,389.22,PROD353,Pen Set
100934,16-06-2024,7440.1,PROD505,Mixer
100173,19-06-2024,253.58,PROD449,Pen Set
100207,20-06-2024,15932,PROD674,Smart Phones
100291,20-06-2024,5967.44,PROD871,Headphones
100880,21-06-2024,997.19,PROD478,Analytics Book
100180,24-06-2024,1422.91,PROD450,Dry Fruits
100965,24-06-2024,63328.74,PROD518,Laptop
100639,24-06-2024,24795.58,PROD242,Monitor
100665,24-06-2024,541.93,PROD382,Puzzle Set
100485,27-06-2024,121.64,PROD952,Pen Set
100160,27-06-2024,44589.14,PROD147,Smart Phones
100251,27-06-2024,52817.59,PROD421,Leptop
100685,27-06-2024,1251.81,PROD601,Dry Fruits
100749,28-06-2024,735.44,PROD547,Face Wash
100098,29-06-2024,7665.35,PROD399,Air Purifier
100235,01-07-2024,6584.74,PROD205,Headphones
100397,03-07-2024,10114.31,PROD395,Cricket Bat
100124,05-07-2024,349.48,PROD364,Pen Set
100344,07-07-2024,20654.69,PROD591,Monitor
100606,07-07-2024,992.9,PROD387,Printer Paper
100186,07-07-2024,1093.99,PROD891,Analytics Book
100077,07-07-2024,13752.66,PROD531,Monitor
100419,08-07-2024,438.29,PROD285,Printer Paper
100893,09-07-2024,2856.46,PROD957,Shoes
100416,09-07-2024,330.62,PROD964,Face Wash
100490,12-07-2024,49802.02,PROD444,Leptop
100299,14-07-2024,5632.76,PROD976,Headphones
100331,15-07-2024,1969.79,PROD366,T-Shirt
100428,16-07-2024,26536.4,PROD492,Monitor
100236,16-07-2024,9887.1,PROD855,Cricket Bat
100656,16-07-2024,15004.72,PROD739,Monitor
100575,17-07-2024,1322.42,PROD502,Analytics Book
100104,20-07-2024,63921.17,PROD568,Laptop
100953,21-07-2024,482.56,PROD641,Printer Paper
100043,22-07-2024,5141.64,PROD547,Headphones
100847,23-07-2024,892.51,PROD937,Mouse
100109,24-07-2024,14337.59,PROD537,Smart Phones
100309,24-07-2024,1032.93,PROD611,T-Shirt
100107,24-07-2024,974.04,PROD412,Dry Fruits
100977,25-07-2024,665.01,PROD556,Puzzle Set
100785,25-07-2024,54309.23,PROD600,Smart Phones
100869,25-07-2024,33495.19,PROD531,Laptop
100704,26-07-2024,22611.97,PROD928,Air Purifier
100108,26-07-2024,472.24,PROD123,Puzzle Set
100191,28-07-2024,11431.32,PROD361,SSD
100217,28-07-2024,1612.56,PROD700,Headphones
100810,28-07-2024,1192.19,PROD767,Printer Paper
100417,29-07-2024,4287.2,PROD301,SSD
100184,30-07-2024,550.13,PROD919,Printer Paper
100396,30-07-2024,17449.31,PROD479,Monitor
100539,30-07-2024,4493.16,PROD441,SSD
100039,30-07-2024,12218.92,PROD844,Monitor
100805,30-07-2024,34410.92,PROD290,Leptop
100227,30-07-2024,549.72,PROD612,T-Shirt
100581,31-07-2024,18472.79,PROD425,Monitor
100195,31-07-2024,3496.35,PROD243,Mixer
100253,03-08-2024,490.42,PROD971,Face Wash
100271,05-08-2024,383.09,PROD830,Mouse
100831,07-08-2024,1216.16,PROD362,Mouse
100465,08-08-2024,1167.03,PROD313,Dry Fruits
100774,08-08-2024,10644.92,PROD502,SSD
100995,08-08-2024,62332.42,PROD388,Laptop
100050,09-08-2024,2118.02,PROD443,Speaker
100019,09-08-2024,58967.09,PROD544,Leptop
100706,10-08-2024,49652.13,PROD228,Leptop
100087,10-08-2024,55282.58,PROD886,Laptop
100185,11-08-2024,7176.1,PROD600,Speaker
100593,11-08-2024,284.52,PROD599,Pen Set
100125,12-08-2024,362.42,PROD123,Mouse
100353,13-08-2024,977.94,PROD544,Analytics Book
100307,13-08-2024,5358.97,PROD796,Cricket Bat
100779,15-08-2024,1459.41,PROD220,Mouse
100806,15-08-2024,140.36,PROD403,Notebook
100865,18-08-2024,7987.69,PROD879,Air Purifier
100432,18-08-2024,563.27,PROD752,Pen Set
100165,19-08-2024,1132.28,PROD879,Dry Fruits
100270,20-08-2024,30740.18,PROD241,Laptop
100014,21-08-2024,1534.14,PROD667,Dry Fruits
100128,22-08-2024,387.3,PROD512,Printer Paper
100550,22-08-2024,14241.8,PROD520,Air Purifier
100586,22-08-2024,21509.14,PROD871,Monitor
100269,22-08-2024,315.49,PROD378,Puzzle Set
100926,22-08-2024,186.37,PROD990,Notebook
100482,22-08-2024,561.15,PROD515,Analytics Book
100290,23-08-2024,226.25,PROD177,Face Wash
100150,23-08-2024,30756.42,PROD875,Leptop
100281,24-08-2024,11956.38,PROD715,Smart Phones
100524,24-08-2024,51029.41,PROD243,Leptop
100081,25-08-2024,22279.21,PROD923,Monitor
100535,26-08-2024,106.44,PROD418,Pen Set
100090,26-08-2024,1051.57,PROD176,Dry Fruits
100919,26-08-2024,1108.93,PROD164,T-Shirt
100305,26-08-2024,2643.93,PROD226,Keyboard
100345,27-08-2024,569.57,PROD101,Pen Set
100149,27-08-2024,958.37,PROD689,Dry Fruits
100574,28-08-2024,1222.35,PROD866,Analytics Book
100648,29-08-2024,48012.03,PROD874,Leptop
100067,29-08-2024,314.87,PROD849,Notebook
100158,01-09-2024,22166.72,PROD597,Monitor
100635,02-09-2024,31704.45,PROD255,Laptop
100202,02-09-2024,1466.19,PROD437,Analytics Book
100365,03-09-2024,643.4,PROD352,Face Wash
100321,04-09-2024,8330.78,PROD461,Speaker
100459,05-09-2024,984.08,PROD210,Puzzle Set
100489,07-09-2024,7382.55,PROD945,Cricket Bat
100028,07-09-2024,182.85,PROD759,Face Wash
100072,07-09-2024,638.1,PROD670,Printer Paper
100325,07-09-2024,1572.84,PROD239,Mouse
100738,08-09-2024,13947.65,PROD221,Monitor
100483,08-09-2024,20531.04,PROD873,Monitor
100588,09-09-2024,41859.95,PROD141,Leptop
100423,11-09-2024,103.26,PROD399,Pen Set
100908,11-09-2024,466.04,PROD347,Mouse
100996,11-09-2024,29709.53,PROD577,Smart Phones
100583,13-09-2024,9414.53,PROD478,Monitor
100280,15-09-2024,437.48,PROD723,Notebook
100883,16-09-2024,8579.98,PROD855,Mixer
100488,18-09-2024,20151.68,PROD149,Smart Phones
100560,19-09-2024,18345.67,PROD794,Monitor
100757,20-09-2024,41575.75,PROD300,Laptop
100484,20-09-2024,517.04,PROD578,Puzzle Set
100051,21-09-2024,4799.17,PROD983,SSD
100439,21-09-2024,6961.51,PROD789,Speaker
100848,21-09-2024,509.55,PROD998,Pen Set
100825,21-09-2024,10526.21,PROD196,SSD
100143,22-09-2024,11440.44,PROD470,SSD
100189,22-09-2024,56137.64,PROD865,Leptop
100891,23-09-2024,222.58,PROD910,Notebook
100761,23-09-2024,1367.34,PROD678,Mouse
100054,24-09-2024,1097.82,PROD455,Analytics Book
100199,24-09-2024,436.61,PROD779,Printer Paper
100354,25-09-2024,16876.18,PROD891,Air Purifier
100277,26-09-2024,12041.83,PROD107,Air Purifier
100765,26-09-2024,2337.65,PROD569,T-Shirt
100694,27-09-2024,24640.42,PROD534,Smart Phones
100585,27-09-2024,51280.2,PROD657,Smart Phones
100413,28-09-2024,33165.43,PROD876,Leptop
100405,28-09-2024,2494.07,PROD418,T-Shirt
100652,29-09-2024,50303.57,PROD748,Smart Phones
100678,30-09-2024,47392.08,PROD976,Laptop
100722,02-10-2024,261.85,PROD406,Notebook
100590,03-10-2024,30868.81,PROD216,Leptop
100918,03-10-2024,137.87,PROD232,Notebook
100567,04-10-2024,56701.61,PROD670,Leptop
100542,05-10-2024,313.51,PROD153,Notebook
100873,07-10-2024,64272.86,PROD762,Leptop
100403,07-10-2024,568.78,PROD880,Pen Set
100579,07-10-2024,1320.33,PROD956,Analytics Book
100426,08-10-2024,10213.34,PROD117,SSD
100846,09-10-2024,27462.1,PROD288,Monitor
100833,10-10-2024,43865.83,PROD280,Leptop
100681,11-10-2024,313.81,PROD920,Printer Paper
100598,11-10-2024,52181.94,PROD785,Leptop
100777,11-10-2024,1042.94,PROD636,Analytics Book
100214,12-10-2024,10237.12,PROD147,SSD
100572,13-10-2024,10320.37,PROD525,Cricket Bat
100850,13-10-2024,871.16,PROD635,Face Wash
100620,13-10-2024,240.95,PROD439,Puzzle Set
100382,14-10-2024,2840.35,PROD834,Keyboard
100010,14-10-2024,975.58,PROD251,Dry Fruits
100289,15-10-2024,7713.78,PROD938,SSD
100057,15-10-2024,46062.05,PROD605,Laptop
100340,15-10-2024,473.09,PROD487,Notebook
100798,17-10-2024,498.59,PROD482,Analytics Book
100001,17-10-2024,3914.99,PROD481,Product   Name
100544,17-10-2024,64661.26,PROD415,Leptop
100372,18-10-2024,1176.34,PROD839,Keyboard
100132,19-10-2024,2812.8,PROD793,Keyboard
100138,19-10-2024,708.19,PROD834,Printer Paper
100522,20-10-2024,429.2,PROD697,Face Wash
100223,20-10-2024,8965.78,PROD708,SSD
100161,21-10-2024,1467.99,PROD445,Headphones
100071,21-10-2024,37510.46,PROD291,Leptop
100058,21-10-2024,5067.44,PROD476,Shoes
100744,23-10-2024,10055.49,PROD797,Smart Phones
100507,24-10-2024,41005.77,PROD222,Leptop
100913,24-10-2024,458.69,PROD720,Notebook
100074,25-10-2024,5105.46,PROD111,SSD
100562,25-10-2024,2856.94,PROD927,Shoes
100190,26-10-2024,39186.12,PROD852,Leptop
100355,27-10-2024,6232.64,PROD732,Cricket Bat
100015,29-10-2024,965.12,PROD371,Dry Fruits
100471,30-10-2024,342.42,PROD285,Pen Set
100747,30-10-2024,699.71,PROD855,Analytics Book
100288,31-10-2024,573.61,PROD987,Puzzle Set
100696,01-11-2024,1094.31,PROD637,Mouse
100493,02-11-2024,52835.16,PROD113,Leptop
100418,02-11-2024,406.24,PROD570,Notebook
100068,02-11-2024,503.95,PROD246,Puzzle Set
100960,04-11-2024,753.26,PROD148,Printer Paper
100222,05-11-2024,47100.44,PROD794,Leptop
100339,05-11-2024,284.49,PROD160,Puzzle Set
100923,05-11-2024,7860.97,PROD171,Cricket Bat
100474,05-11-2024,16034.26,PROD137,Smart Phones
100248,05-11-2024,347.54,PROD155,Pen Set
100274,06-11-2024,454.69,PROD140,Pen Set
100692,06-11-2024,61394.89,PROD614,Laptop
100988,08-11-2024,31753.73,PROD825,Leptop
100758,09-11-2024,1133.87,PROD795,Printer Paper
100760,11-11-2024,4686.16,PROD869,Speaker
100564,11-11-2024,347.79,PROD208,Notebook
100715,12-11-2024,2075.18,PROD918,T-Shirt
100932,13-11-2024,1242.51,PROD467,T-Shirt
100005,13-11-2024,220.63,PROD408,Face Wash
100659,13-11-2024,4459.99,PROD628,Headphones
100997,13-11-2024,8101.35,PROD961,Cricket Bat
100316,14-11-2024,1318.74,PROD188,Keyboard
100952,15-11-2024,38694.22,PROD208,Leptop
100839,16-11-2024,13966.18,PROD564,Air Purifier
100914,16-11-2024,493.52,PROD673,Notebook
100133,17-11-2024,781.06,PROD223,Puzzle Set
100076,17-11-2024,637.66,PROD397,Analytics Book
100563,17-11-2024,1051.41,PROD554,Printer Paper
100519,19-11-2024,322.02,PROD178,Mouse
100155,19-11-2024,462.86,PROD903,Dry Fruits
100144,20-11-2024,793.14,PROD381,Printer Paper
100800,21-11-2024,1362.14,PROD402,Mouse
100858,22-11-2024,1084.45,PROD425,Printer Paper
100733,23-11-2024,126.87,PROD441,Notebook
100380,24-11-2024,9567.17,PROD541,SSD
100038,24-11-2024,506.78,PROD140,Face Wash
100576,25-11-2024,47667.7,PROD100,Leptop
100433,25-11-2024,8739.7,PROD951,Cricket Bat
100215,25-11-2024,1373.11,PROD100,Dry Fruits
100241,26-11-2024,1544.14,PROD388,Mouse
100643,26-11-2024,3440.67,PROD651,SSD
100045,27-11-2024,26141.98,PROD262,Monitor
100203,28-11-2024,5005.93,PROD552,Speaker
100335,28-11-2024,1619.04,PROD321,Headphones
100389,28-11-2024,1534.57,PROD630,Headphones
100843,29-11-2024,1080.35,PROD312,Mouse
100844,29-11-2024,911.94,PROD295,Mouse
100989,29-11-2024,4725.62,PROD151,Mixer
100178,29-11-2024,1490.85,PROD890,Analytics Book
100002,30-11-2024,45360.75,PROD196,Leptop
100505,02-12-2024,4025.71,PROD213,Headphones
100728,03-12-2024,12948.87,PROD405,Smart Phones
100187,03-12-2024,3989.26,PROD144,Speaker
100272,03-12-2024,9318.19,PROD430,Air Purifier
100018,03-12-2024,3574.36,PROD203,SSD
100580,03-12-2024,41920.68,PROD370,Leptop
100714,04-12-2024,641.53,PROD246,Pen Set
100075,05-12-2024,12623.62,PROD121,Smart Phones
100352,05-12-2024,35995.2,PROD177,Laptop
100463,05-12-2024,1719.04,PROD671,Dry Fruits
100407,05-12-2024,519.71,PROD219,Printer Paper
100642,06-12-2024,25420.05,PROD732,Monitor
100525,08-12-2024,34188.54,PROD140,Leptop
100974,08-12-2024,62089.69,PROD185,Leptop
100452,09-12-2024,49786.56,PROD614,Smart Phones
100547,09-12-2024,1481.43,PROD891,Keyboard
100911,10-12-2024,44416.16,PROD231,Smart Phones
100024,11-12-2024,2732.8,PROD154,Keyboard
100393,11-12-2024,17176.9,PROD635,Air Purifier
100457,12-12-2024,885.02,PROD679,Face Wash
100461,12-12-2024,1931.03,PROD265,Keyboard
100978,13-12-2024,340.27,PROD195,Pen Set
100237,14-12-2024,1001.07,PROD790,Mouse
100454,14-12-2024,373.13,PROD362,Puzzle Set
100767,15-12-2024,159.1,PROD702,Notebook
100958,15-12-2024,18906.21,PROD188,Monitor
100176,17-12-2024,12020.98,PROD483,Smart Phones
100684,18-12-2024,30397.6,PROD967,Smart Phones
100842,19-12-2024,747.02,PROD316,Face Wash
100414,21-12-2024,2742.58,PROD487,Keyboard
100956,21-12-2024,22871.79,PROD848,Air Purifier
100154,24-12-2024,49391.27,PROD786,Leptop
100737,25-12-2024,446.67,PROD269,Printer Paper
100296,25-12-2024,1102.65,PROD197,Puzzle Set
100538,26-12-2024,35731.3,PROD322,Leptop
100975,27-12-2024,14395.26,PROD731,Monitor
100640,28-12-2024,48945.54,PROD497,Smart Phones
100662,29-12-2024,1629.84,PROD253,Dry Fruits
100946,29-12-2024,183.01,PROD423,Notebook
100009,29-12-2024,1594.3,PROD476,Headphones
100536,30-12-2024,9972.1,PROD303,Air Purifier
100595,31-12-2024,30256.01,PROD466,Laptop
100252,01-01-2025,444.35,PROD290,Notebook
100348,03-01-2025,12827.82,PROD498,Monitor
100683,04-01-2025,266.79,PROD482,Printer Paper
100899,05-01-2025,11272.62,PROD517,Monitor
100249,05-01-2025,237.16,PROD720,Notebook
100713,05-01-2025,6739.54,PROD360,Shoes
100950,06-01-2025,2903.8,PROD804,Headphones
100064,07-01-2025,44424.95,PROD851,Smart Phones
100311,07-01-2025,46725.7,PROD817,Leptop
100741,09-01-2025,30058.12,PROD410,Laptop
100957,09-01-2025,7552.83,PROD350,Mixer
100809,10-01-2025,731.93,PROD847,Printer Paper
100874,12-01-2025,43200.06,PROD812,Leptop
100262,12-01-2025,5912.92,PROD673,Headphones
100948,14-01-2025,2628.34,PROD620,Keyboard
100131,14-01-2025,412.06,PROD363,Printer Paper
100712,15-01-2025,53610.91,PROD334,Laptop
100775,16-01-2025,305.69,PROD545,Analytics Book
100730,16-01-2025,740.28,PROD301,Printer Paper
100430,16-01-2025,1000.96,PROD153,Puzzle Set
100475,16-01-2025,3224.6,PROD764,Speaker
100487,18-01-2025,17905.05,PROD531,Monitor
100027,19-01-2025,500.04,PROD242,Face Wash
100607,19-01-2025,1073.46,PROD489,Printer Paper
100516,19-01-2025,36054.81,PROD484,Laptop
100409,22-01-2025,712.84,PROD529,T-Shirt
100046,23-01-2025,1014.53,PROD757,Printer Paper
100947,23-01-2025,5203.52,PROD498,Headphones
100537,23-01-2025,5913.07,PROD509,Mixer
100591,23-01-2025,28331.59,PROD381,Monitor
100605,24-01-2025,1455.85,PROD451,Analytics Book
100764,25-01-2025,338.21,PROD798,Puzzle Set
100308,25-01-2025,52384.71,PROD106,Laptop
100792,26-01-2025,643.32,PROD718,Printer Paper
100894,27-01-2025,1413.33,PROD518,Headphones
100664,27-01-2025,32968.41,PROD986,Leptop
100334,28-01-2025,795.54,PROD920,Face Wash
100349,28-01-2025,790.08,PROD647,Puzzle Set
100137,29-01-2025,1450.27,PROD534,Analytics Book
100819,30-01-2025,2054.48,PROD182,Keyboard
100922,30-01-2025,59602.89,PROD400,Laptop
100116,31-01-2025,8067.99,PROD215,Mixer
100834,01-02-2025,6904.53,PROD579,Mixer
100135,02-02-2025,1186.37,PROD830,Dry Fruits
100341,02-02-2025,337.41,PROD917,Puzzle Set
100773,02-02-2025,454.12,PROD227,Pen Set
100832,02-02-2025,49373.93,PROD959,Leptop
100152,02-02-2025,11065.45,PROD473,SSD
100117,03-02-2025,398.58,PROD535,Notebook
100402,06-02-2025,8469.87,PROD158,Mixer
100250,07-02-2025,811.06,PROD413,Analytics Book
100333,08-02-2025,894.8,PROD926,Puzzle Set
100584,09-02-2025,5504.37,PROD465,Cricket Bat
100029,10-02-2025,10548.66,PROD429,Monitor
100424,14-02-2025,603.32,PROD439,T-Shirt
100060,14-02-2025,8176.07,PROD730,Air Purifier
100881,15-02-2025,44319.9,PROD701,Leptop
100602,15-02-2025,1213.72,PROD998,Analytics Book
100632,15-02-2025,1533.87,PROD914,Dry Fruits
100434,16-02-2025,1556.97,PROD573,Dry Fruits
100686,16-02-2025,814.94,PROD563,Mouse
100654,17-02-2025,656.49,PROD108,Mouse
100400,18-02-2025,45480.99,PROD257,Leptop
100796,18-02-2025,42126.75,PROD556,Laptop
100645,19-02-2025,51766.42,PROD867,Leptop
100578,19-02-2025,50549.34,PROD992,Laptop
100890,19-02-2025,53959.67,PROD578,Leptop
100855,19-02-2025,37425.16,PROD212,Leptop
100301,20-02-2025,57264.87,PROD927,Leptop
100197,21-02-2025,50978.4,PROD943,Laptop
100735,23-02-2025,32118.5,PROD389,Laptop
100245,24-02-2025,1209.02,PROD240,Dry Fruits
100528,25-02-2025,54795.9,PROD692,Smart Phones
100559,26-02-2025,589.83,PROD307,Face Wash
100624,27-02-2025,691.72,PROD923,Printer Paper
100717,27-02-2025,1143.26,PROD983,Mouse
100677,27-02-2025,649.18,PROD180,Pen Set
100727,28-02-2025,446.07,PROD989,Puzzle Set
100751,01-03-2025,4192.27,PROD576,Mixer
100121,01-03-2025,50443.43,PROD290,Leptop
100035,02-03-2025,31130.01,PROD706,Smart Phones
100546,03-03-2025,486.18,PROD634,Face Wash
100188,04-03-2025,413.36,PROD412,Analytics Book
100462,04-03-2025,2161.04,PROD662,Speaker
100343,05-03-2025,580.53,PROD541,Pen Set
100233,06-03-2025,53480.44,PROD870,Smart Phones
100945,06-03-2025,30243.67,PROD247,Smart Phones
100063,06-03-2025,439.14,PROD398,Pen Set
100558,06-03-2025,3839.22,PROD106,Headphones
100964,09-03-2025,369.38,PROD658,Printer Paper
100674,10-03-2025,5145.46,PROD606,Headphones
100612,12-03-2025,8264.31,PROD891,Cricket Bat
100971,13-03-2025,679.78,PROD584,Dry Fruits
100443,13-03-2025,9133.91,PROD685,Cricket Bat
100022,14-03-2025,42408.41,PROD716,Leptop
100412,15-03-2025,8851.13,PROD688,SSD
100211,18-03-2025,1133.11,PROD973,Analytics Book
100690,19-03-2025,7867.71,PROD260,SSD
100181,19-03-2025,61177.74,PROD544,Leptop
100122,21-03-2025,867.35,PROD188,Printer Paper
100969,22-03-2025,312.85,PROD878,Notebook
100492,22-03-2025,52678.2,PROD686,Laptop
100142,22-03-2025,690.71,PROD483,Puzzle Set
100862,23-03-2025,55589.76,PROD942,Leptop
100025,24-03-2025,567.03,PROD323,Pen Set
100627,26-03-2025,45715.7,PROD265,Smart Phones
100925,26-03-2025,407.05,PROD368,Printer Paper
100391,27-03-2025,52297.59,PROD745,Laptop
100902,27-03-2025,12967.12,PROD342,Monitor
100823,28-03-2025,371.07,PROD306,Face Wash
100224,28-03-2025,1733.43,PROD151,Mouse
100415,28-03-2025,3261,PROD714,SSD
100724,28-03-2025,1161.79,PROD364,Printer Paper
100506,28-03-2025,2099.74,PROD422,T-Shirt
100915,29-03-2025,64382.83,PROD291,Leptop
100905,01-04-2025,11560.79,PROD293,Cricket Bat
100357,02-04-2025,7465.5,PROD162,Mixer
100126,02-04-2025,693.99,PROD810,Puzzle Set
100177,02-04-2025,45228.4,PROD731,Leptop
100896,02-04-2025,7191.05,PROD300,Shoes
100827,02-04-2025,596.79,PROD203,Face Wash
100719,03-04-2025,18405.52,PROD146,Air Purifier
100994,06-04-2025,11874.96,PROD668,Monitor
100566,07-04-2025,8438.2,PROD514,Cricket Bat
100008,07-04-2025,996.76,PROD172,Printer Paper
100156,07-04-2025,9050.16,PROD468,SSD
100229,07-04-2025,52189.13,PROD344,Laptop
100183,08-04-2025,742.92,PROD778,Printer Paper
100756,08-04-2025,321.19,PROD213,Face Wash
100968,11-04-2025,1814.18,PROD438,Headphones
100687,11-04-2025,1550.95,PROD713,Keyboard
100990,11-04-2025,9780.14,PROD213,Cricket Bat
100435,12-04-2025,6762.87,PROD998,Air Purifier
100182,16-04-2025,1640.17,PROD502,Dry Fruits
100446,17-04-2025,1919.81,PROD639,T-Shirt
100070,18-04-2025,45285.11,PROD309,Leptop
100984,18-04-2025,3706.31,PROD617,Headphones
100013,18-04-2025,1787.73,PROD789,T-Shirt
100359,19-04-2025,519.11,PROD634,Face Wash
100322,21-04-2025,510.68,PROD876,Face Wash
100752,21-04-2025,215.45,PROD243,Notebook
100903,21-04-2025,98.97,PROD330,Notebook
100479,21-04-2025,4734.7,PROD804,Headphones
100256,22-04-2025,946.01,PROD135,Puzzle Set
100928,22-04-2025,1051.93,PROD408,Puzzle Set
100378,22-04-2025,666.01,PROD938,Printer Paper
100549,23-04-2025,2388.33,PROD401,Keyboard
100617,24-04-2025,43749.26,PROD277,Smart Phones
100394,24-04-2025,368.16,PROD217,Notebook
100084,24-04-2025,35844.05,PROD850,Leptop
100193,25-04-2025,9823.43,PROD730,Monitor
100582,26-04-2025,754.84,PROD816,Printer Paper
100021,26-04-2025,44113.95,PROD258,Smart Phones
100769,27-04-2025,776.57,PROD665,Keyboard
100895,27-04-2025,56372.66,PROD731,Leptop
100048,27-04-2025,4313.94,PROD607,Cricket Bat
100020,27-04-2025,2079.16,PROD706,Keyboard
100240,29-04-2025,33820.04,PROD416,Laptop
100086,29-04-2025,33151.68,PROD640,Leptop
100998,29-04-2025,2515.01,PROD844,Mixer
100875,30-04-2025,55175.94,PROD559,Leptop
100082,02-05-2025,909.58,PROD993,Mouse
100561,02-05-2025,668.23,PROD461,T-Shirt
100720,03-05-2025,866.51,PROD459,Face Wash
100100,03-05-2025,11657.08,PROD979,SSD
100614,04-05-2025,2469.16,PROD621,T-Shirt
100930,06-05-2025,1402.69,PROD594,Dry Fruits
101000,06-05-2025,516.85,PROD402,Printer Paper
100278,06-05-2025,4630.78,PROD985,Shoes
100657,06-05-2025,790.01,PROD478,Face Wash
100815,07-05-2025,15710.95,PROD753,Smart Phones
100110,08-05-2025,8366.92,PROD174,Mixer
100436,09-05-2025,9833.86,PROD436,Air Purifier
100032,10-05-2025,7779.07,PROD437,Shoes
100466,11-05-2025,5138.61,PROD537,Headphones
100630,12-05-2025,1002.06,PROD797,Puzzle Set
100283,12-05-2025,38286.07,PROD714,Laptop
100265,14-05-2025,840.73,PROD798,Face Wash
100254,16-05-2025,38674.38,PROD157,Leptop
100134,16-05-2025,42140.44,PROD492,Leptop
100716,19-05-2025,36481.28,PROD402,Laptop
100515,20-05-2025,4808.6,PROD397,Cricket Bat
100073,24-05-2025,438.43,PROD852,Notebook
100373,26-05-2025,5133.27,PROD187,Cricket Bat
100179,26-05-2025,50125.48,PROD472,Smart Phones
100499,26-05-2025,3036.08,PROD335,Headphones
100209,26-05-2025,1974.66,PROD162,Speaker
100118,27-05-2025,933.49,PROD425,Printer Paper
100139,27-05-2025,1474.1,PROD751,Dry Fruits
100840,30-05-2025,714.58,PROD766,Puzzle Set
100153,30-05-2025,16311.21,PROD305,Smart Phones
100772,30-05-2025,1923.03,PROD284,Keyboard
100705,31-05-2025,639.9,PROD233,Analytics Book
100818,01-06-2025,4846.16,PROD755,Shoes
100797,01-06-2025,30666.2,PROD992,Leptop
100406,03-06-2025,2698,PROD601,Keyboard
100243,03-06-2025,12350.74,PROD510,Monitor
100053,06-06-2025,997.58,PROD456,Printer Paper
100351,06-06-2025,37727.46,PROD587,Smart Phones
100939,06-06-2025,61364.27,PROD393,Leptop
100293,06-06-2025,62369.47,PROD961,Leptop
100979,08-06-2025,33934.87,PROD822,Smart Phones
100129,08-06-2025,123.43,PROD904,Notebook
100967,10-06-2025,1729.81,PROD958,Dry Fruits
100062,10-06-2025,17835.21,PROD718,Monitor
100017,10-06-2025,965.5,PROD698,Analytics Book
100983,10-06-2025,55956.51,PROD245,Leptop
100936,11-06-2025,446.47,PROD236,Printer Paper
100791,11-06-2025,624.53,PROD788,Mouse
100596,12-06-2025,196.77,PROD358,Notebook
100853,13-06-2025,48654.23,PROD303,Smart Phones
100857,13-06-2025,388.07,PROD217,Notebook
100065,14-06-2025,4735.25,PROD302,Headphones
100016,14-06-2025,2208.88,PROD618,Headphones
100266,16-06-2025,17448.93,PROD905,Smart Phones
100571,17-06-2025,4855.33,PROD322,Cricket Bat
100689,17-06-2025,1427.94,PROD307,Mouse
100707,17-06-2025,9753.32,PROD200,Cricket Bat
100085,19-06-2025,556.78,PROD181,Keyboard
100963,20-06-2025,829.39,PROD589,Keyboard
100055,21-06-2025,5172.03,PROD971,Headphones
100398,21-06-2025,204.05,PROD311,Notebook
100342,23-06-2025,1738.32,PROD651,Mouse
100056,23-06-2025,1236.87,PROD724,Analytics Book
100113,26-06-2025,5753.61,PROD254,SSD
100636,27-06-2025,33824.88,PROD811,Leptop
100123,28-06-2025,2112,PROD774,Cricket Bat
100170,28-06-2025,2405.8,PROD887,T-Shirt
100041,29-06-2025,362.29,PROD685,Pen Set
100401,29-06-2025,40567.46,PROD806,Leptop
100323,29-06-2025,41492.64,PROD429,Laptop
100985,30-06-2025,2239.56,PROD104,Shoes
100042,01-07-2025,774.51,PROD825,Face Wash
100292,01-07-2025,603.92,PROD422,T-Shirt
100047,02-07-2025,440.61,PROD203,Face Wash
100350,02-07-2025,690.1,PROD955,T-Shirt
100360,03-07-2025,1199.39,PROD848,Mouse
100346,03-07-2025,45780.17,PROD808,Smart Phones
100097,03-07-2025,12874.44,PROD331,Air Purifier
100501,04-07-2025,23944.23,PROD738,Monitor
100427,05-07-2025,3776.37,PROD614,Cricket Bat
100512,05-07-2025,10293.53,PROD811,Cricket Bat
100604,06-07-2025,934.66,PROD569,Printer Paper
100603,08-07-2025,1654.99,PROD761,Dry Fruits
100420,08-07-2025,8419.15,PROD173,Mixer
100363,09-07-2025,475.66,PROD720,Dry Fruits
100781,10-07-2025,38899.22,PROD646,Leptop
100279,11-07-2025,1612.51,PROD553,Mouse
100941,11-07-2025,1161.35,PROD794,Keyboard
100174,11-07-2025,661.63,PROD973,Pen Set
100172,12-07-2025,1530.11,PROD535,T-Shirt
100841,12-07-2025,10561.14,PROD366,Smart Phones
100105,13-07-2025,45043.79,PROD602,Smart Phones
100935,15-07-2025,57032.35,PROD483,Leptop
100119,16-07-2025,261.48,PROD263,Notebook
100920,17-07-2025,7976.08,PROD479,SSD
100993,17-07-2025,413.33,PROD904,Notebook
100573,19-07-2025,31715.76,PROD887,Smart Phones
100445,19-07-2025,4124.19,PROD457,Cricket Bat
100210,20-07-2025,403.8,PROD943,Pen Set
100318,20-07-2025,2214.36,PROD738,Keyboard
100660,20-07-2025,447.71,PROD618,Face Wash
100094,22-07-2025,43335.74,PROD416,Leptop
100999,22-07-2025,29847.48,PROD658,Monitor
100447,22-07-2025,11821.84,PROD292,SSD
100601,24-07-2025,280.55,PROD238,Notebook
100856,24-07-2025,277.32,PROD804,Notebook
100986,25-07-2025,652.4,PROD512,Pen Set
100007,29-07-2025,556.68,PROD798,Pen Set
100282,29-07-2025,2434.19,PROD244,Shoes
100646,29-07-2025,2216.25,PROD510,T-Shirt
100723,31-07-2025,343.01,PROD595,Analytics Book
100807,01-08-2025,22941.19,PROD151,Monitor
100669,01-08-2025,372.27,PROD190,Face Wash
100234,01-08-2025,5253.09,PROD497,Shoes
100799,02-08-2025,55381.42,PROD399,Laptop
100700,03-08-2025,3395.07,PROD146,Speaker
100545,04-08-2025,2729.24,PROD714,Cricket Bat
100830,04-08-2025,252.2,PROD168,Pen Set
100897,05-08-2025,478.11,PROD498,Puzzle Set
100204,05-08-2025,515.85,PROD864,Mouse
100255,05-08-2025,38283.18,PROD311,Laptop
100003,06-08-2025,1587.9,PROD467,Mouse
100555,06-08-2025,31562.72,PROD648,Leptop
100495,08-08-2025,57560.13,PROD287,Leptop
100900,08-08-2025,5893.08,PROD573,Mixer
100294,08-08-2025,33468.96,PROD163,Leptop
100565,08-08-2025,52720.22,PROD301,Laptop
100533,08-08-2025,15920.36,PROD558,Monitor
100981,08-08-2025,1188.6,PROD784,Puzzle Set
100569,09-08-2025,1416.52,PROD384,Keyboard
100543,11-08-2025,10551.63,PROD718,SSD
100091,11-08-2025,2844.97,PROD202,Cricket Bat
100530,12-08-2025,673.15,PROD615,Analytics Book
100933,13-08-2025,5572.43,PROD133,Cricket Bat
100159,14-08-2025,6815.96,PROD606,Speaker
100746,14-08-2025,689.5,PROD149,Puzzle Set
100682,15-08-2025,9837.6,PROD213,Air Purifier
100157,17-08-2025,1203.08,PROD701,Keyboard
100194,19-08-2025,773.33,PROD172,Face Wash
100871,21-08-2025,24102.81,PROD893,Monitor
100336,21-08-2025,8529.42,PROD691,SSD
100514,22-08-2025,4230.6,PROD548,Cricket Bat
100943,23-08-2025,9410.35,PROD199,Air Purifier
100286,23-08-2025,3380.83,PROD361,Headphones
100324,24-08-2025,5283.48,PROD680,Speaker
100332,24-08-2025,442.28,PROD338,Printer Paper
100370,24-08-2025,50426.49,PROD644,Smart Phones
100982,24-08-2025,1527.46,PROD647,Dry Fruits
100079,27-08-2025,968.44,PROD799,Analytics Book
100608,27-08-2025,15134.68,PROD813,Smart Phones
100422,27-08-2025,95.19,PROD501,Notebook
100404,28-08-2025,166.35,PROD609,Pen Set
100820,29-08-2025,5458.68,PROD524,SSD
100453,29-08-2025,54835.24,PROD817,Leptop
100244,31-08-2025,7776.93,PROD345,SSD
100284,31-08-2025,249.63,PROD507,Pen Set
100861,02-09-2025,55960.07,PROD551,Laptop
100788,02-09-2025,4638.71,PROD573,Cricket Bat
100782,04-09-2025,7447.8,PROD627,Shoes
100702,04-09-2025,4682.92,PROD282,Cricket Bat
100206,05-09-2025,2761.66,PROD786,Shoes
100449,05-09-2025,2854.25,PROD227,Mixer
100455,06-09-2025,14127.45,PROD850,Smart Phones
100824,07-09-2025,8972.59,PROD844,SSD
100166,08-09-2025,235.79,PROD800,Notebook
100437,09-09-2025,2549.18,PROD762,Cricket Bat
100034,10-09-2025,42966.09,PROD914,Leptop
100619,11-09-2025,242.9,PROD160,Face Wash
100147,11-09-2025,797.35,PROD449,Dry Fruits
100917,12-09-2025,8651.91,PROD452,Monitor
100317,13-09-2025,27075.88,PROD142,Smart Phones
100638,14-09-2025,1155.91,PROD418,Analytics Book
100653,14-09-2025,5766.97,PROD195,Shoes
100671,14-09-2025,8599.6,PROD911,Air Purifier
100510,15-09-2025,34054.99,PROD974,Leptop
100375,16-09-2025,1777.19,PROD127,Headphones
100148,16-09-2025,720.67,PROD849,Puzzle Set
100992,17-09-2025,5455.2,PROD121,Headphones
100670,17-09-2025,3329.24,PROD407,Headphones
100151,18-09-2025,1034.98,PROD462,Printer Paper
100480,20-09-2025,44413.38,PROD757,Leptop
100867,20-09-2025,1072.29,PROD280,Printer Paper
100196,21-09-2025,36274.39,PROD895,Leptop
100330,21-09-2025,40085.45,PROD877,Leptop
100096,21-09-2025,622.71,PROD210,Face Wash
100845,22-09-2025,2215.98,PROD409,Cricket Bat
100901,22-09-2025,46394.58,PROD734,Leptop
100904,23-09-2025,707.42,PROD764,Printer Paper
100599,23-09-2025,2954.51,PROD773,Keyboard
100556,25-09-2025,649.28,PROD875,Dry Fruits
100816,25-09-2025,822.98,PROD575,Face Wash
100877,28-09-2025,336.78,PROD253,Pen Set
100103,28-09-2025,4071.4,PROD683,Cricket Bat
100795,28-09-2025,7686.2,PROD202,Monitor
100754,29-09-2025,1459.73,PROD987,T-Shirt
100388,30-09-2025,2402.39,PROD885,T-Shirt
100384,01-10-2025,31571.63,PROD421,Smart Phones
100140,01-10-2025,2093.48,PROD715,Cricket Bat
100708,01-10-2025,6530,PROD436,Shoes
100676,03-10-2025,888.55,PROD258,Mouse
100225,03-10-2025,2575.97,PROD609,Headphones
100650,04-10-2025,2692.45,PROD187,Mixer
100302,04-10-2025,461.46,PROD375,Analytics Book
100649,05-10-2025,6902.37,PROD172,Mixer
100699,06-10-2025,52870.37,PROD719,Laptop
100755,08-10-2025,53914.04,PROD672,Leptop
100238,08-10-2025,57466.72,PROD384,Laptop
100089,10-10-2025,903.18,PROD478,Keyboard
100496,11-10-2025,7130.76,PROD116,Cricket Bat
100450,12-10-2025,1224.46,PROD238,Mouse
100298,14-10-2025,416.85,PROD809,Notebook
100040,14-10-2025,53443.49,PROD148,Laptop
100469,14-10-2025,391.02,PROD142,Printer Paper
100059,15-10-2025,10215.33,PROD724,Monitor
100444,15-10-2025,3284.85,PROD650,Cricket Bat
100976,17-10-2025,5865.03,PROD586,Speaker
100836,19-10-2025,20039.57,PROD446,Monitor
100937,21-10-2025,664.92,PROD754,Pen Set
100987,22-10-2025,4886.98,PROD867,Cricket Bat
100776,22-10-2025,790.03,PROD895,Face Wash
100285,24-10-2025,1156.85,PROD897,Dry Fruits
100066,25-10-2025,565.18,PROD109,Face Wash
100112,27-10-2025,1005.91,PROD204,Keyboard
100691,27-10-2025,39958.93,PROD642,Leptop
100783,28-10-2025,3617.64,PROD850,Headphones
100892,29-10-2025,1732.35,PROD790,Dry Fruits
100162,29-10-2025,1674.02,PROD515,Dry Fruits
100631,29-10-2025,468.37,PROD581,Notebook
100099,29-10-2025,362.11,PROD259,Printer Paper
100111,30-10-2025,655.78,PROD465,Puzzle Set
100303,31-10-2025,48762.38,PROD327,Leptop
100529,31-10-2025,5587.05,PROD226,Headphones
100794,31-10-2025,32733.79,PROD487,Laptop
100381,01-11-2025,49354.76,PROD166,Leptop
100959,04-11-2025,1726.52,PROD428,Keyboard
100623,04-11-2025,1482.65,PROD543,Analytics Book
100012,04-11-2025,469.24,PROD144,Notebook
100829,05-11-2025,1610.83,PROD871,Dry Fruits
100622,06-11-2025,5683.05,PROD903,Mixer
100164,06-11-2025,237.41,PROD419,Puzzle Set
100531,07-11-2025,1875.33,PROD491,T-Shirt
100568,08-11-2025,387.16,PROD233,Dry Fruits
100610,09-11-2025,45403.1,PROD204,Leptop
101001,10-11-2025,1184.79,PROD215,Headphones
100498,10-11-2025,5456.88,PROD560,Shoes
100491,10-11-2025,2255.01,PROD428,Keyboard
100411,11-11-2025,53298.97,PROD640,Laptop
100731,11-11-2025,3500.56,PROD818,Speaker
100673,11-11-2025,64915.3,PROD794,Leptop
100860,11-11-2025,1792.55,PROD844,Keyboard
100885,12-11-2025,893.48,PROD493,T-Shirt
100570,12-11-2025,48883.46,PROD748,Leptop
100226,12-11-2025,1409.77,PROD456,Analytics Book
100693,14-11-2025,5115.87,PROD377,SSD
100456,14-11-2025,36423.66,PROD771,Laptop
100629,14-11-2025,1133.19,PROD126,Mouse
100287,15-11-2025,249.25,PROD927,Puzzle Set
100940,15-11-2025,33513.85,PROD104,Leptop
100146,15-11-2025,13140.44,PROD748,Monitor
100876,15-11-2025,8100.57,PROD379,Speaker
100167,15-11-2025,10468.11,PROD898,SSD
100951,15-11-2025,730.85,PROD691,Puzzle Set
100789,15-11-2025,57972.47,PROD765,Leptop
100647,15-11-2025,30157.5,PROD692,Laptop
100780,15-11-2025,1583.24,PROD265,Dry Fruits
100095,17-11-2025,40552.92,PROD309,Leptop
100231,17-11-2025,34911.89,PROD290,Laptop
100711,18-11-2025,896.03,PROD964,Face Wash
100826,20-11-2025,1145.28,PROD717,Speaker
100618,22-11-2025,579.17,PROD641,Printer Paper
100916,22-11-2025,480.26,PROD560,Notebook
100219,22-11-2025,2818.91,PROD807,Keyboard
100395,22-11-2025,1332.87,PROD323,Cricket Bat
100052,23-11-2025,10331.3,PROD162,Smart Phones
100742,23-11-2025,33922.46,PROD223,Leptop
100906,24-11-2025,6741.37,PROD158,Mixer
100526,24-11-2025,847.38,PROD247,Dry Fruits
100026,25-11-2025,4751.75,PROD589,SSD
100385,27-11-2025,325.82,PROD320,Pen Set
100120,27-11-2025,827.31,PROD932,Puzzle Set
100163,28-11-2025,38057.49,PROD949,Laptop
100387,29-11-2025,55121.61,PROD161,Laptop
100541,30-11-2025,11902.2,PROD225,SSD
100768,01-12-2025,118.77,PROD678,Pen Set
100115,03-12-2025,853.55,PROD600,T-Shirt
100729,03-12-2025,45929.12,PROD978,Laptop
100675,04-12-2025,50832.45,PROD861,Laptop
100141,04-12-2025,514.99,PROD910,Face Wash
100511,04-12-2025,8657.36,PROD587,Monitor
100361,04-12-2025,11381.13,PROD539,SSD
100812,05-12-2025,30580.29,PROD835,Leptop
100668,05-12-2025,64956.02,PROD615,Leptop
100666,06-12-2025,1376.46,PROD414,Mouse
100835,06-12-2025,55401.94,PROD312,Leptop
100597,08-12-2025,23169.77,PROD994,Monitor
100577,09-12-2025,1664.33,PROD531,Dry Fruits
100804,09-12-2025,329.41,PROD987,Notebook
100587,10-12-2025,154.55,PROD136,Notebook
100540,10-12-2025,26235,PROD869,Monitor
100609,10-12-2025,42958.61,PROD734,Smart Phones
100838,11-12-2025,6897.19,PROD692,Headphones
100961,12-12-2025,552.43,PROD903,Face Wash
100748,13-12-2025,473.5,PROD771,Face Wash
100870,14-12-2025,404.4,PROD640,Puzzle Set
100130,14-12-2025,326.81,PROD182,Notebook
100386,14-12-2025,6917.12,PROD746,Headphones
100268,14-12-2025,2228.91,PROD464,Speaker
100822,14-12-2025,456.74,PROD173,Pen Set
100878,15-12-2025,14340.05,PROD860,Monitor
100168,16-12-2025,2116.5,PROD944,T-Shirt
100625,16-12-2025,11801.25,PROD410,SSD
100534,16-12-2025,1781.78,PROD736,T-Shirt
100228,17-12-2025,49431.93,PROD645,Laptop
100553,18-12-2025,36332.43,PROD345,Leptop
100688,18-12-2025,1738.81,PROD561,Mouse
100972,18-12-2025,31051.91,PROD943,Leptop
100033,21-12-2025,3606.6,PROD570,Speaker
100037,23-12-2025,329.92,PROD773,Puzzle Set
100377,23-12-2025,62764.46,PROD471,Leptop
100651,23-12-2025,340.81,PROD248,Pen Set
100374,24-12-2025,677.33,PROD578,Analytics Book
100801,24-12-2025,1407.87,PROD237,Mouse
100753,25-12-2025,663.72,PROD995,Dry Fruits
100044,26-12-2025,1280.92,PROD668,Keyboard
100258,26-12-2025,228.96,PROD515,Face Wash
100615,26-12-2025,4312.87,PROD415,Cricket Bat
100766,27-12-2025,156.94,PROD599,Face Wash
100954,28-12-2025,10708.84,PROD159,Monitor
100518,29-12-2025,20111.16,PROD754,Air Purifier
100171,29-12-2025,40182.12,PROD780,Leptop
100216,30-12-2025,952.03,PROD203,Printer Paper
100260,31-12-2025,814.71,,Printer Paper
